2026-05-02 17:37:26.004+0000 WARN  [o.n.k.i.JvmChecker] The max heap memory has not been configured. It is recommended that it is always explicitly configured, to ensure the system has a balanced configuration. Until then, a JVM computed heuristic of 805306368 bytes is used instead. If you are running neo4j server, you need to configure dbms.memory.heap.max_size in neo4j.conf. If you are running neo4j embedded, you have to launch the JVM with -Xmx set to a value. You can run neo4j-admin memrec for memory configuration suggestions.
2026-05-02 17:37:26.006+0000 WARN  [o.n.k.i.JvmChecker] The initial heap memory has not been configured. It is recommended that it is always explicitly configured, to ensure the system has a balanced configuration. Until then, a JVM computed heuristic of 50331648 bytes is used instead. If you are running neo4j server, you need to configure dbms.memory.heap.initial_size in neo4j.conf. If you are running neo4j embedded, you have to launch the JVM with -Xms set to a value. You can run neo4j-admin memrec for memory configuration suggestions.
2026-05-02 17:37:26.264+0000 INFO  [o.n.i.d.DiagnosticsManager] 
                                                                ********************************************************************************
                                                                                             [ System diagnostics ]                             
                                                                ********************************************************************************
                                                                --------------------------------------------------------------------------------
                                                                                         [ System memory information ]                          
                                                                --------------------------------------------------------------------------------
                                                                Total Physical memory: 3.000GiB
                                                                Free Physical memory: 2.673GiB
                                                                Committed virtual memory: 3.737GiB
                                                                Total swap space: 3.000GiB
                                                                Free swap space: 3.000GiB
                                                                
                                                                --------------------------------------------------------------------------------
                                                                                           [ JVM memory information ]                           
                                                                --------------------------------------------------------------------------------
                                                                Free  memory: 81.65MiB
                                                                Total memory: 111.0MiB
                                                                Max   memory: 768.0MiB
                                                                Garbage Collector: G1 Young Generation: [G1 Eden Space, G1 Survivor Space, G1 Old Gen]
                                                                Garbage Collector: G1 Old Generation: [G1 Eden Space, G1 Survivor Space, G1 Old Gen]
                                                                Memory Pool: CodeHeap 'non-nmethods' (Non-heap memory): committed=2.438MiB, used=1.229MiB, max=5.566MiB, threshold=0B
                                                                Memory Pool: Metaspace (Non-heap memory): committed=21.37MiB, used=20.65MiB, max=-1B, threshold=0B
                                                                Memory Pool: CodeHeap 'profiled nmethods' (Non-heap memory): committed=4.125MiB, used=4.113MiB, max=117.2MiB, threshold=0B
                                                                Memory Pool: Compressed Class Space (Non-heap memory): committed=2.750MiB, used=2.477MiB, max=1.000GiB, threshold=0B
                                                                Memory Pool: G1 Eden Space (Heap memory): committed=45.00MiB, used=3.000MiB, max=-1B, threshold=?
                                                                Memory Pool: G1 Old Gen (Heap memory): committed=61.00MiB, used=19.84MiB, max=768.0MiB, threshold=0B
                                                                Memory Pool: G1 Survivor Space (Heap memory): committed=5.000MiB, used=5.000MiB, max=-1B, threshold=?
                                                                Memory Pool: CodeHeap 'non-profiled nmethods' (Non-heap memory): committed=2.438MiB, used=1.073MiB, max=117.2MiB, threshold=0B
                                                                
                                                                --------------------------------------------------------------------------------
                                                                                        [ Operating system information ]                        
                                                                --------------------------------------------------------------------------------
                                                                Operating System: Linux; version: 6.6.87.2-microsoft-standard-WSL2; arch: amd64; cpus: 12
                                                                Max number of file descriptors: 1048576
                                                                Number of open file descriptors: 175
                                                                Process id: 7
                                                                Byte order: LITTLE_ENDIAN
                                                                Local timezone: Etc/UTC
                                                                
                                                                --------------------------------------------------------------------------------
                                                                                              [ JVM information ]                               
                                                                --------------------------------------------------------------------------------
                                                                VM Name: OpenJDK 64-Bit Server VM
                                                                VM Vendor: Eclipse Adoptium
                                                                VM Version: 11.0.17+8
                                                                JIT compiler: HotSpot 64-Bit Tiered Compilers
                                                                VM Arguments: [-Dfile.encoding=UTF-8]
                                                                
                                                                --------------------------------------------------------------------------------
                                                                                               [ Java classpath ]                               
                                                                --------------------------------------------------------------------------------
                                                                 [classpath] /var/lib/neo4j/lib/neo4j-front-end-4.4.15.jar
                                                                 [classpath] /var/lib/neo4j/lib/parboiled-core-1.2.0.jar
                                                                 [classpath] /var/lib/neo4j/lib/neo4j-ast-4.4.15.jar
                                                                 [classpath] /var/lib/neo4j/lib/bcpkix-jdk15on-1.69.jar
                                                                 [classpath] /var/lib/neo4j/lib/jamm-0.3.3.jar
                                                                 [classpath] /var/lib/neo4j/lib/netty-transport-native-epoll-4.1.77.Final-linux-aarch_64.jar
                                                                 [classpath] /var/lib/neo4j/lib/jakarta.activation-api-1.2.1.jar
                                                                 [classpath] /var/lib/neo4j/lib/jPowerShell-3.0.jar
                                                                 [classpath] /var/lib/neo4j/lib/scala-library-2.12.13.jar
                                                                 [classpath] /var/lib/neo4j/lib/slf4j-api-1.7.30.jar
                                                                 [classpath] /var/lib/neo4j/lib/annotations-4.4.15.jar
                                                                 [classpath] /var/lib/neo4j/lib/netty-resolver-4.1.77.Final.jar
                                                                 [classpath] /var/lib/neo4j/lib/picocli-4.6.1.jar
                                                                 [classpath] /var/lib/neo4j/lib/jaxb-runtime-2.3.2.jar
                                                                 [classpath] /var/lib/neo4j/lib/magnolia_2.12-0.17.0.jar
                                                                 [classpath] /var/lib/neo4j/lib/lucene-analyzers-common-8.11.2.jar
                                                                 [classpath] /var/lib/neo4j/lib/javassist-3.25.0-GA.jar
                                                                 [classpath] /var/lib/neo4j/lib/jetty-server-9.4.48.v20220622.jar
                                                                 [classpath] /var/lib/neo4j/lib/jersey-container-servlet-2.34.jar
                                                                 [classpath] /var/lib/neo4j/lib/jetty-webapp-9.4.48.v20220622.jar
                                                                 [classpath] /var/lib/neo4j/lib/eclipse-collections-api-10.4.0.jar
                                                                 [classpath] /var/lib/neo4j/lib/neo4j-capabilities-4.4.15.jar
                                                                 [classpath] /var/lib/neo4j/lib/neo4j-logging-4.4.15.jar
                                                                 [classpath] /var/lib/neo4j/lib/neo4j-io-4.4.15.jar
                                                                 [classpath] /var/lib/neo4j/lib/jackson-databind-2.13.4.2.jar
                                                                 [classpath] /var/lib/neo4j/lib/neo4j-csv-4.4.15.jar
                                                                 [classpath] /var/lib/neo4j/lib/shiro-core-1.10.0.jar
                                                                 [classpath] /var/lib/neo4j/lib/jetty-security-9.4.48.v20220622.jar
                                                                 [classpath] /var/lib/neo4j/lib/neo4j-dbms-4.4.15.jar
                                                                 [classpath] /var/lib/neo4j/lib/shiro-config-ogdl-1.10.0.jar
                                                                 [classpath] /var/lib/neo4j/conf/*
                                                                 [classpath] /var/lib/neo4j/lib/neo4j-buffers-4.4.15.jar
                                                                 [classpath] /var/lib/neo4j/lib/jackson-module-jaxb-annotations-2.13.4.jar
                                                                 [classpath] /var/lib/neo4j/lib/WMI4Java-1.6.3.jar
                                                                 [classpath] /var/lib/neo4j/lib/neo4j-graph-algo-4.4.15.jar
                                                                 [classpath] /var/lib/neo4j/lib/neo4j-cypher-ir-4.4.15.jar
                                                                 [classpath] /var/lib/neo4j/lib/jProcesses-1.6.5.jar
                                                                 [classpath] /var/lib/neo4j/lib/commons-collections-3.2.2.jar
                                                                 [classpath] /var/lib/neo4j/lib/hk2-locator-2.6.1.jar
                                                                 [classpath] /var/lib/neo4j/lib/jersey-common-2.34.jar
                                                                 [classpath] /var/lib/neo4j/lib/jetty-xml-9.4.48.v20220622.jar
                                                                 [classpath] /var/lib/neo4j/lib/netty-codec-http-4.1.77.Final.jar
                                                                 [classpath] /var/lib/neo4j/lib/jackson-jaxrs-base-2.13.4.jar
                                                                 [classpath] /var/lib/neo4j/lib/jetty-util-9.4.48.v20220622.jar
                                                                 [classpath] /var/lib/neo4j/lib/neo4j-record-storage-engine-4.4.15.jar
                                                                 [classpath] /var/lib/neo4j/lib/neo4j-diagnostics-4.4.15.jar
                                                                 [classpath] /var/lib/neo4j/lib/neo4j-batch-insert-4.4.15.jar
                                                                 [classpath] /var/lib/neo4j/lib/neo4j-cypher-planner-spi-4.4.15.jar
                                                                 [classpath] /var/lib/neo4j/lib/neo4j-4.4.15.jar
                                                                 [classpath] /var/lib/neo4j/lib/lucene-backward-codecs-8.11.2.jar
                                                                 [classpath] /var/lib/neo4j/lib/neo4j-graphdb-api-4.4.15.jar
                                                                 [classpath] /var/lib/neo4j/lib/server-api-4.4.15.jar
                                                                 [classpath] /var/lib/neo4j/lib/jersey-container-servlet-core-2.34.jar
                                                                 [classpath] /var/lib/neo4j/lib/neo4j-values-4.4.15.jar
                                                                 [classpath] /var/lib/neo4j/lib/neo4j-index-4.4.15.jar
                                                                 [classpath] /var/lib/neo4j/lib/shiro-crypto-hash-1.10.0.jar
                                                                 [classpath] /var/lib/neo4j/lib/neo4j-storage-engine-api-4.4.15.jar
                                                                 [classpath] /var/lib/neo4j/lib/javax.ws.rs-api-2.1.1.jar
                                                                 [classpath] /var/lib/neo4j/lib/commons-text-1.10.0.jar
                                                                 [classpath] /var/lib/neo4j/lib/neo4j-cypher-runtime-util-4.4.15.jar
                                                                 [classpath] /var/lib/neo4j/lib/neo4j-procedure-4.4.15.jar
                                                                 [classpath] /var/lib/neo4j/lib/commons-compress-1.21.jar
                                                                 [classpath] /var/lib/neo4j/lib/neo4j-command-line-4.4.15.jar
                                                                 [classpath] /var/lib/neo4j/lib/neo4j-fulltext-index-4.4.15.jar
                                                                 [classpath] /var/lib/neo4j/lib/neo4j-exceptions-4.4.15.jar
                                                                 [classpath] /var/lib/neo4j/lib/shiro-crypto-core-1.10.0.jar
                                                                 [classpath] /var/lib/neo4j/lib/neo4j-wal-4.4.15.jar
                                                                 [classpath] /var/lib/neo4j/lib/jctools-core-3.3.0.jar
                                                                 [classpath] /var/lib/neo4j/lib/neo4j-import-util-4.4.15.jar
                                                                 [classpath] /var/lib/neo4j/lib/cypher-ast-factory-4.4.15.jar
                                                                 [classpath] /var/lib/neo4j/lib/netty-common-4.1.77.Final.jar
                                                                 [classpath] /var/lib/neo4j/lib/neo4j-data-collector-4.4.15.jar
                                                                 [classpath] /var/lib/neo4j/lib/jakarta.ws.rs-api-2.1.6.jar
                                                                 [classpath] /var/lib/neo4j/lib/jackson-core-2.13.4.jar
                                                                 [classpath] /var/lib/neo4j/lib/neo4j-monitoring-4.4.15.jar
                                                                 [classpath] /var/lib/neo4j/lib/hk2-api-2.6.1.jar
                                                                 [classpath] /var/lib/neo4j/lib/parboiled-scala_2.12-1.2.0.jar
                                                                 [classpath] /var/lib/neo4j/lib/neo4j-kernel-4.4.15.jar
                                                                 [classpath] /var/lib/neo4j/lib/zstd-jni-1.5.0-4.jar
                                                                 [classpath] /var/lib/neo4j/lib/scala-reflect-2.12.13.jar
                                                                 [classpath] /var/lib/neo4j/lib/lucene-queryparser-8.11.2.jar
                                                                 [classpath] /var/lib/neo4j/lib/neo4j-rewriting-4.4.15.jar
                                                                 [classpath] /var/lib/neo4j/lib/istack-commons-runtime-3.0.8.jar
                                                                 [classpath] /var/lib/neo4j/lib/neo4j-cypher-expression-evaluator-4.4.15.jar
                                                                 [classpath] /var/lib/neo4j/lib/neo4j-layout-4.4.15.jar
                                                                 [classpath] /var/lib/neo4j/lib/neo4j-configuration-4.4.15.jar
                                                                 [classpath] /var/lib/neo4j/lib/commons-io-2.11.0.jar
                                                                 [classpath] /var/lib/neo4j/lib/neo4j-collections-4.4.15.jar
                                                                 [classpath] /var/lib/neo4j/lib/neo4j-unsafe-4.4.15.jar
                                                                 [classpath] /var/lib/neo4j/lib/neo4j-lock-4.4.15.jar
                                                                 [classpath] /var/lib/neo4j/lib/netty-codec-4.1.77.Final.jar
                                                                 [classpath] /var/lib/neo4j/lib/caffeine-3.0.3.jar
                                                                 [classpath] /var/lib/neo4j/lib/neo4j-kernel-api-4.4.15.jar
                                                                 [classpath] /var/lib/neo4j/lib/neo4j-cypher-logical-plans-4.4.15.jar
                                                                 [classpath] /var/lib/neo4j/lib/shiro-lang-1.10.0.jar
                                                                 [classpath] /var/lib/neo4j/lib/neo4j-util-4.4.15.jar
                                                                 [classpath] /var/lib/neo4j/lib/shiro-event-1.10.0.jar
                                                                 [classpath] /var/lib/neo4j/lib/neo4j-codegen-4.4.15.jar
                                                                 [classpath] /var/lib/neo4j/lib/neo4j-expressions-4.4.15.jar
                                                                 [classpath] /var/lib/neo4j/lib/reactive-streams-1.0.3.jar
                                                                 [classpath] /var/lib/neo4j/lib/neo4j-lucene-index-4.4.15.jar
                                                                 [classpath] /var/lib/neo4j/lib/jetty-servlet-9.4.48.v20220622.jar
                                                                 [classpath] /var/lib/neo4j/lib/neo4j-browser-4.4.7.jar
                                                                 [classpath] /var/lib/neo4j/lib/shiro-crypto-cipher-1.10.0.jar
                                                                 [classpath] /var/lib/neo4j/lib/slf4j-nop-1.7.30.jar
                                                                 [classpath] /var/lib/neo4j/plugins/*
                                                                 [classpath] /var/lib/neo4j/lib/neo4j-bolt-4.4.15.jar
                                                                 [classpath] /var/lib/neo4j/lib/jakarta.validation-api-2.0.2.jar
                                                                 [classpath] /var/lib/neo4j/lib/neo4j-storage-engine-util-4.4.15.jar
                                                                 [classpath] /var/lib/neo4j/lib/jackson-annotations-2.13.4.jar
                                                                 [classpath] /var/lib/neo4j/lib/lucene-core-8.11.2.jar
                                                                 [classpath] /var/lib/neo4j/lib/neo4j-cypher-ast-factory-4.4.15.jar
                                                                 [classpath] /var/lib/neo4j/lib/jetty-io-9.4.48.v20220622.jar
                                                                 [classpath] /var/lib/neo4j/lib/neo4j-native-4.4.15.jar
                                                                 [classpath] /var/lib/neo4j/lib/neo4j-security-4.4.15.jar
                                                                 [classpath] /var/lib/neo4j/lib/neo4j-common-4.4.15.jar
                                                                 [classpath] /var/lib/neo4j/lib/neo4j-server-4.4.15.jar
                                                                 [classpath] /var/lib/neo4j/lib/jakarta.inject-2.6.1.jar
                                                                 [classpath] /var/lib/neo4j/lib/bcprov-jdk15on-1.69.jar
                                                                 [classpath] /var/lib/neo4j/lib/hk2-utils-2.6.1.jar
                                                                 [classpath] /var/lib/neo4j/lib/stax-ex-1.8.1.jar
                                                                 [classpath] /var/lib/neo4j/lib/neo4j-concurrent-4.4.15.jar
                                                                 [classpath] /var/lib/neo4j/lib/txw2-2.3.2.jar
                                                                 [classpath] /var/lib/neo4j/lib/jackson-jaxrs-json-provider-2.13.4.jar
                                                                 [classpath] /var/lib/neo4j/lib/ipaddress-5.3.3.jar
                                                                 [classpath] /var/lib/neo4j/lib/neo4j-token-api-4.4.15.jar
                                                                 [classpath] /var/lib/neo4j/lib/neo4j-cypher-interpreted-runtime-4.4.15.jar
                                                                 [classpath] /var/lib/neo4j/lib/FastInfoset-1.2.16.jar
                                                                 [classpath] /var/lib/neo4j/lib/neo4j-procedure-api-4.4.15.jar
                                                                 [classpath] /var/lib/neo4j/lib/jetty-http-9.4.48.v20220622.jar
                                                                 [classpath] /var/lib/neo4j/lib/neo4j-push-to-cloud-4.4.15.jar
                                                                 [classpath] /var/lib/neo4j/lib/netty-transport-4.1.77.Final.jar
                                                                 [classpath] /var/lib/neo4j/lib/commons-logging-1.2.jar
                                                                 [classpath] /var/lib/neo4j/lib/neo4j-consistency-check-4.4.15.jar
                                                                 [classpath] /var/lib/neo4j/lib/neo4j-cypher-4.4.15.jar
                                                                 [classpath] /var/lib/neo4j/lib/netty-transport-native-epoll-4.1.77.Final-linux-x86_64.jar
                                                                 [classpath] /var/lib/neo4j/lib/neo4j-resource-4.4.15.jar
                                                                 [classpath] /var/lib/neo4j/lib/neo4j-cypher-planner-4.4.15.jar
                                                                 [classpath] /var/lib/neo4j/lib/jna-5.9.0.jar
                                                                 [classpath] /var/lib/neo4j/lib/jettison-1.5.1.jar
                                                                 [classpath] /var/lib/neo4j/lib/netty-buffer-4.1.77.Final.jar
                                                                 [classpath] /var/lib/neo4j/lib/neo4j-cypher-macros-4.4.15.jar
                                                                 [classpath] /var/lib/neo4j/lib/netty-handler-4.1.77.Final.jar
                                                                 [classpath] /var/lib/neo4j/lib/eclipse-collections-10.4.0.jar
                                                                 [classpath] /var/lib/neo4j/lib/neo4j-fabric-4.4.15.jar
                                                                 [classpath] /var/lib/neo4j/lib/neo4j-cypher-javacc-parser-4.4.15.jar
                                                                 [classpath] /var/lib/neo4j/lib/jakarta.annotation-api-1.3.5.jar
                                                                 [classpath] /var/lib/neo4j/lib/shiro-config-core-1.10.0.jar
                                                                 [classpath] /var/lib/neo4j/lib/neo4j-cypher-config-4.4.15.jar
                                                                 [classpath] /var/lib/neo4j/lib/jaxb-api-2.3.0.jar
                                                                 [classpath] /var/lib/neo4j/lib/netty-transport-classes-epoll-4.1.77.Final.jar
                                                                 [classpath] /var/lib/neo4j/lib/commons-lang3-3.12.0.jar
                                                                 [classpath] /var/lib/neo4j/lib/neo4j-schema-4.4.15.jar
                                                                 [classpath] /var/lib/neo4j/lib/neo4j-id-generator-4.4.15.jar
                                                                 [classpath] /var/lib/neo4j/lib/bcutil-jdk15on-1.69.jar
                                                                 [classpath] /var/lib/neo4j/lib/shiro-cache-1.10.0.jar
                                                                 [classpath] /var/lib/neo4j/lib/neo4j-import-tool-4.4.15.jar
                                                                 [classpath] /var/lib/neo4j/lib/neo4j-parser-4.4.15.jar
                                                                 [classpath] /var/lib/neo4j/lib/javax.servlet-api-3.1.0.jar
                                                                 [classpath] /var/lib/neo4j/lib/neo4j-ssl-4.4.15.jar
                                                                 [classpath] /var/lib/neo4j/lib/jersey-server-2.34.jar
                                                                 [classpath] /var/lib/neo4j/lib/commons-beanutils-1.9.4.jar
                                                                 [classpath] /var/lib/neo4j/lib/neo4j-spatial-index-4.4.15.jar
                                                                 [classpath] /var/lib/neo4j/lib/reactor-core-3.4.15.jar
                                                                 [classpath] /var/lib/neo4j/lib/mercator_2.12-0.2.1.jar
                                                                 [classpath] /var/lib/neo4j/lib/netty-transport-native-unix-common-4.1.77.Final.jar
                                                                 [classpath] /var/lib/neo4j/lib/zstd-proxy-4.4.15.jar
                                                                 [classpath] /var/lib/neo4j/lib/jersey-client-2.34.jar
                                                                 [classpath] /var/lib/neo4j/lib/jersey-hk2-2.34.jar
                                                                
                                                                --------------------------------------------------------------------------------
                                                                                                [ Library path ]                                
                                                                --------------------------------------------------------------------------------
                                                                /usr/java/packages/lib
                                                                /usr/lib64
                                                                /lib64
                                                                /lib
                                                                /usr/lib
                                                                
                                                                --------------------------------------------------------------------------------
                                                                                             [ System properties ]                              
                                                                --------------------------------------------------------------------------------
                                                                awt.toolkit = sun.awt.X11.XToolkit
                                                                sun.cpu.isalist = 
                                                                sun.jnu.encoding = ANSI_X3.4-1968
                                                                sun.arch.data.model = 64
                                                                user.timezone = Etc/UTC
                                                                sun.java.launcher = SUN_STANDARD
                                                                user.country = US
                                                                sun.boot.library.path = /opt/java/openjdk/lib
                                                                sun.java.command = org.neo4j.server.CommunityEntryPoint --home-dir=/var/lib/neo4j --config-dir=/var/lib/neo4j/conf
                                                                jdk.debug = release
                                                                sun.cpu.endian = little
                                                                user.home = /var/lib/neo4j
                                                                user.language = en
                                                                file.separator = /
                                                                sun.management.compiler = HotSpot 64-Bit Tiered Compilers
                                                                user.name = neo4j
                                                                path.separator = :
                                                                file.encoding = UTF-8
                                                                jnidispatch.path = /var/lib/neo4j/.cache/JNA/temp/jna1775092882868767880.tmp
                                                                jna.loaded = true
                                                                user.dir = /var/lib/neo4j
                                                                sun.os.patch.level = unknown
                                                                sun.io.unicode.encoding = UnicodeLittle
                                                                
                                                                --------------------------------------------------------------------------------
                                                                                      [ (IANA) TimeZone database version ]                      
                                                                --------------------------------------------------------------------------------
                                                                  TimeZone version: 2022c (available for 602 zone identifiers)
                                                                
                                                                --------------------------------------------------------------------------------
                                                                                            [ Network information ]                             
                                                                --------------------------------------------------------------------------------
                                                                Interface eth0:
                                                                    address: 172.24.0.10
                                                                Interface lo:
                                                                    address: 0:0:0:0:0:0:0:1%lo
                                                                    address: 127.0.0.1
                                                                
                                                                --------------------------------------------------------------------------------
                                                                                         [ Native access information ]                          
                                                                --------------------------------------------------------------------------------
                                                                Native access details: Linux native access is available.
                                                                
                                                                --------------------------------------------------------------------------------
                                                                                                [ DBMS config ]                                 
                                                                --------------------------------------------------------------------------------
                                                                DBMS provided settings:
                                                                dbms.default_listen_address=0.0.0.0
                                                                dbms.directories.logs=/logs
                                                                dbms.directories.neo4j_home=/var/lib/neo4j
                                                                dbms.memory.pagecache.size=512M
                                                                dbms.tx_log.rotation.retention_policy=100M size
                                                                
2026-05-02 17:37:26.352+0000 INFO  [o.n.d.i.DefaultIdentityModule] Generated new ServerId: ServerId{00bb8c73} (00bb8c73-4bc7-41ac-ab82-2ad09bf3910e)
2026-05-02 17:37:26.356+0000 INFO  [o.n.d.i.DefaultIdentityModule] This instance is ServerId{00bb8c73} (00bb8c73-4bc7-41ac-ab82-2ad09bf3910e)
2026-05-02 17:37:26.365+0000 INFO  [o.n.g.f.EditionLocksFactories] Locking implementation 'forseti' selected.
2026-05-02 17:37:27.705+0000 INFO  [o.n.s.CommunityNeoWebServer] ======== Neo4j 4.4.15 ========
2026-05-02 17:37:27.731+0000 INFO  [o.n.d.d.DefaultDatabaseManager] Creating 'DatabaseId{00000000[system]}'.
2026-05-02 17:37:27.848+0000 INFO  [o.n.b.BoltServer] Bolt server loaded
2026-05-02 17:37:27.920+0000 INFO  [o.n.d.d.DefaultDatabaseManager] Starting 'DatabaseId{00000000[system]}'.
2026-05-02 17:37:27.999+0000 INFO  [o.n.k.i.s.f.RecordFormatSelector] [system/00000000] Selected format 'RecordFormat:PageAlignedV4_3[AF4.3.0]' for the new store /var/lib/neo4j/data/databases/system
2026-05-02 17:37:28.942+0000 INFO  [o.n.i.d.DiagnosticsManager] [system/00000000] 
                                                                [system/00000000] ********************************************************************************
                                                                [system/00000000]                               [ Database: system ]                              
                                                                [system/00000000] ********************************************************************************
                                                                [system/00000000] --------------------------------------------------------------------------------
                                                                [system/00000000]                                   [ Version ]                                   
                                                                [system/00000000] --------------------------------------------------------------------------------
                                                                [system/00000000] DBMS: community single StoreId{creationTime=1777743448625, randomId=716122917766609101, storeVersion=3471768636287762695, upgradeTime=1777743448625, upgradeTxId=1}
                                                                [system/00000000] Kernel version: 4.4.15
                                                                [system/00000000] 
                                                                [system/00000000] --------------------------------------------------------------------------------
                                                                [system/00000000]                                 [ Store files ]                                 
                                                                [system/00000000] --------------------------------------------------------------------------------
                                                                [system/00000000] Disk space on partition (Total / Free / Free %): 964376391680 / 493867941888 / 51
                                                                [system/00000000] Storage files stored on file store: 9p
                                                                [system/00000000] Storage files: (filename : modification date - size)
                                                                [system/00000000]   neostore: 2026-05-02T17:37:28Z - 8.000KiB
                                                                [system/00000000]   neostore.counts.db: 2026-05-02T17:37:28Z - 40.00KiB
                                                                [system/00000000]   neostore.labeltokenstore.db: 2026-05-02T17:37:28Z - 0B
                                                                [system/00000000]   neostore.labeltokenstore.db.id: 2026-05-02T17:37:28Z - 40.00KiB
                                                                [system/00000000]   neostore.labeltokenstore.db.names: 2026-05-02T17:37:28Z - 8.000KiB
                                                                [system/00000000]   neostore.labeltokenstore.db.names.id: 2026-05-02T17:37:28Z - 40.00KiB
                                                                [system/00000000]   neostore.nodestore.db: 2026-05-02T17:37:28Z - 0B
                                                                [system/00000000]   neostore.nodestore.db.id: 2026-05-02T17:37:28Z - 40.00KiB
                                                                [system/00000000]   neostore.nodestore.db.labels: 2026-05-02T17:37:28Z - 8.000KiB
                                                                [system/00000000]   neostore.nodestore.db.labels.id: 2026-05-02T17:37:28Z - 40.00KiB
                                                                [system/00000000]   neostore.propertystore.db: 2026-05-02T17:37:28Z - 0B
                                                                [system/00000000]   neostore.propertystore.db.arrays: 2026-05-02T17:37:28Z - 8.000KiB
                                                                [system/00000000]   neostore.propertystore.db.arrays.id: 2026-05-02T17:37:28Z - 40.00KiB
                                                                [system/00000000]   neostore.propertystore.db.id: 2026-05-02T17:37:28Z - 40.00KiB
                                                                [system/00000000]   neostore.propertystore.db.index: 2026-05-02T17:37:28Z - 0B
                                                                [system/00000000]   neostore.propertystore.db.index.id: 2026-05-02T17:37:28Z - 40.00KiB
                                                                [system/00000000]   neostore.propertystore.db.index.keys: 2026-05-02T17:37:28Z - 8.000KiB
                                                                [system/00000000]   neostore.propertystore.db.index.keys.id: 2026-05-02T17:37:28Z - 40.00KiB
                                                                [system/00000000]   neostore.propertystore.db.strings: 2026-05-02T17:37:28Z - 8.000KiB
                                                                [system/00000000]   neostore.propertystore.db.strings.id: 2026-05-02T17:37:28Z - 40.00KiB
                                                                [system/00000000]   neostore.relationshipgroupstore.db: 2026-05-02T17:37:28Z - 8.000KiB
                                                                [system/00000000]   neostore.relationshipgroupstore.db.id: 2026-05-02T17:37:28Z - 40.00KiB
                                                                [system/00000000]   neostore.relationshipgroupstore.degrees.db: 2026-05-02T17:37:28Z - 40.00KiB
                                                                [system/00000000]   neostore.relationshipstore.db: 2026-05-02T17:37:28Z - 0B
                                                                [system/00000000]   neostore.relationshipstore.db.id: 2026-05-02T17:37:28Z - 40.00KiB
                                                                [system/00000000]   neostore.relationshiptypestore.db: 2026-05-02T17:37:28Z - 0B
                                                                [system/00000000]   neostore.relationshiptypestore.db.id: 2026-05-02T17:37:28Z - 40.00KiB
                                                                [system/00000000]   neostore.relationshiptypestore.db.names: 2026-05-02T17:37:28Z - 8.000KiB
                                                                [system/00000000]   neostore.relationshiptypestore.db.names.id: 2026-05-02T17:37:28Z - 40.00KiB
                                                                [system/00000000]   neostore.schemastore.db: 2026-05-02T17:37:28Z - 8.000KiB
                                                                [system/00000000]   neostore.schemastore.db.id: 2026-05-02T17:37:28Z - 40.00KiB
                                                                [system/00000000] Storage summary: 
                                                                [system/00000000]   Total size of store: 712.0KiB
                                                                [system/00000000]   Total size of mapped files: 72.00KiB
                                                                [system/00000000] 
                                                                [system/00000000] --------------------------------------------------------------------------------
                                                                [system/00000000]                               [ Transaction log ]                               
                                                                [system/00000000] --------------------------------------------------------------------------------
                                                                [system/00000000] Transaction log files stored on file store: 9p
                                                                [system/00000000] Transaction log files:
                                                                [system/00000000]  - existing transaction log versions -1--1
                                                                [system/00000000]  - no transactions found
                                                                [system/00000000] Checkpoint log files:
                                                                [system/00000000]  - existing checkpoint log versions -1--1
                                                                [system/00000000]  - no checkpoints found
                                                                [system/00000000] 
                                                                [system/00000000] --------------------------------------------------------------------------------
                                                                [system/00000000]                                   [ Id usage ]                                  
                                                                [system/00000000] --------------------------------------------------------------------------------
                                                                [system/00000000] ArrayPropertyStore[neostore.nodestore.db.labels]: used=1 high=0
                                                                [system/00000000] NodeStore[neostore.nodestore.db]: used=0 high=-1
                                                                [system/00000000] StringPropertyStore[neostore.propertystore.db.index.keys]: used=1 high=0
                                                                [system/00000000] PropertyIndexStore[neostore.propertystore.db.index]: used=0 high=-1
                                                                [system/00000000] StringPropertyStore[neostore.propertystore.db.strings]: used=1 high=0
                                                                [system/00000000] ArrayPropertyStore[neostore.propertystore.db.arrays]: used=1 high=0
                                                                [system/00000000] PropertyStore[neostore.propertystore.db]: used=0 high=-1
                                                                [system/00000000] RelationshipStore[neostore.relationshipstore.db]: used=0 high=-1
                                                                [system/00000000] StringPropertyStore[neostore.relationshiptypestore.db.names]: used=1 high=0
                                                                [system/00000000] RelationshipTypeStore[neostore.relationshiptypestore.db]: used=0 high=-1
                                                                [system/00000000] StringPropertyStore[neostore.labeltokenstore.db.names]: used=1 high=0
                                                                [system/00000000] LabelTokenStore[neostore.labeltokenstore.db]: used=0 high=-1
                                                                [system/00000000] SchemaStore[neostore.schemastore.db]: used=1 high=0
                                                                [system/00000000] RelationshipGroupStore[neostore.relationshipgroupstore.db]: used=1 high=0
                                                                [system/00000000] NeoStore[neostore]: used=-1 high=-1
                                                                [system/00000000] 
                                                                [system/00000000] --------------------------------------------------------------------------------
                                                                [system/00000000]                               [ Neostore records ]                              
                                                                [system/00000000] --------------------------------------------------------------------------------
                                                                [system/00000000] TIME (Creation time): 1777743448625
                                                                [system/00000000] RANDOM_NUMBER (Random number for store id): 716122917766609101
                                                                [system/00000000] LOG_VERSION (Current log version): 0
                                                                [system/00000000] LAST_TRANSACTION_ID (Last committed transaction): 1
                                                                [system/00000000] STORE_VERSION (Store format version): 3471768636287762695 (AF4.3.0)
                                                                [system/00000000] FIRST_GRAPH_PROPERTY (First property record containing graph properties): -1
                                                                [system/00000000] LAST_CONSTRAINT_TRANSACTION (Last committed transaction containing constraint changes): 0
                                                                [system/00000000] UPGRADE_TRANSACTION_ID (Transaction id most recent upgrade was performed at): 1
                                                                [system/00000000] UPGRADE_TIME (Time of last upgrade): 1777743448625
                                                                [system/00000000] LAST_TRANSACTION_CHECKSUM (Checksum of last committed transaction): -559063315
                                                                [system/00000000] UPGRADE_TRANSACTION_CHECKSUM (Checksum of transaction id the most recent upgrade was performed at): -559063315
                                                                [system/00000000] LAST_CLOSED_TRANSACTION_LOG_VERSION (Log version where the last transaction commit entry has been written into): 0
                                                                [system/00000000] LAST_CLOSED_TRANSACTION_LOG_BYTE_OFFSET (Byte offset in the log file where the last transaction commit entry has been written into): 64
                                                                [system/00000000] LAST_TRANSACTION_COMMIT_TIMESTAMP (Commit time timestamp for last committed transaction): 0
                                                                [system/00000000] UPGRADE_TRANSACTION_COMMIT_TIMESTAMP (Commit timestamp of transaction the most recent upgrade was performed at): 0
                                                                [system/00000000] LAST_MISSING_STORE_FILES_RECOVERY_TIMESTAMP (Timestamp of last attempt to perform a recovery on the store with missing files.): -1
                                                                [system/00000000] EXTERNAL_STORE_UUID_MOST_SIGN_BITS (Database identifier exposed as external store identity. Generated on creation and never updated. Most significant bits.): 6046431244325767473
                                                                [system/00000000] EXTERNAL_STORE_UUID_LEAST_SIGN_BITS (Database identifier exposed as external store identity. Generated on creation and never updated. Least significant bits): -5989593893257395979
                                                                [system/00000000] CHECKPOINT_LOG_VERSION (Current checkpoint log version): 0
                                                                [system/00000000] KERNEL_VERSION (The kernel version (also transaction log version) that is currently being used when writing new transactions): 4
                                                                [system/00000000] DATABASE_ID_MOST_SIGN_BITS (The last used DatabaseId for this database. Most significant bits): -9223372036854775808
                                                                [system/00000000] DATABASE_ID_LEAST_SIGN_BITS (The last used DatabaseId for this database. Least significant bits): -9223372036854775808
                                                                [system/00000000] 
                                                                [system/00000000] --------------------------------------------------------------------------------
                                                                [system/00000000]                                [ Store versions ]                               
                                                                [system/00000000] --------------------------------------------------------------------------------
                                                                [system/00000000] ArrayPropertyStore[neostore.nodestore.db.labels] AF4.3.0
                                                                [system/00000000] NodeStore[neostore.nodestore.db] AF4.3.0
                                                                [system/00000000] StringPropertyStore[neostore.propertystore.db.index.keys] AF4.3.0
                                                                [system/00000000] PropertyIndexStore[neostore.propertystore.db.index] AF4.3.0
                                                                [system/00000000] StringPropertyStore[neostore.propertystore.db.strings] AF4.3.0
                                                                [system/00000000] ArrayPropertyStore[neostore.propertystore.db.arrays] AF4.3.0
                                                                [system/00000000] PropertyStore[neostore.propertystore.db] AF4.3.0
                                                                [system/00000000] RelationshipStore[neostore.relationshipstore.db] AF4.3.0
                                                                [system/00000000] StringPropertyStore[neostore.relationshiptypestore.db.names] AF4.3.0
                                                                [system/00000000] RelationshipTypeStore[neostore.relationshiptypestore.db] AF4.3.0
                                                                [system/00000000] StringPropertyStore[neostore.labeltokenstore.db.names] AF4.3.0
                                                                [system/00000000] LabelTokenStore[neostore.labeltokenstore.db] AF4.3.0
                                                                [system/00000000] SchemaStore[neostore.schemastore.db] AF4.3.0
                                                                [system/00000000] RelationshipGroupStore[neostore.relationshipgroupstore.db] AF4.3.0
                                                                [system/00000000] NeoStore[neostore] AF4.3.0
                                                                [system/00000000] 
2026-05-02 17:37:28.980+0000 INFO  [o.n.k.a.DatabaseAvailabilityGuard] [system/00000000] Requirement `Database unavailable` makes database system unavailable.
2026-05-02 17:37:28.981+0000 INFO  [o.n.k.a.DatabaseAvailabilityGuard] [system/00000000] DatabaseId{00000000[system]} is unavailable.
2026-05-02 17:37:29.114+0000 WARN  [o.n.k.i.s.MetaDataStore] [system/00000000] Missing counts store, rebuilding it.
2026-05-02 17:37:29.120+0000 WARN  [o.n.k.i.s.MetaDataStore] [system/00000000] Counts store rebuild completed.
2026-05-02 17:37:29.122+0000 WARN  [o.n.i.c.DegreesRebuildFromStore] [system/00000000] Missing relationship degrees store, rebuilding it.
2026-05-02 17:37:29.177+0000 WARN  [o.n.i.c.DegreesRebuildFromStore] [system/00000000] Relationship degrees store rebuild completed.
2026-05-02 17:37:46.406+0000 INFO  [o.n.k.d.Database] [system/00000000] Starting transaction log [/var/lib/neo4j/data/transactions/system/neostore.transaction.db.0] at version=0
2026-05-02 17:37:46.417+0000 INFO  [o.n.k.d.Database] [system/00000000] Starting transaction log [/var/lib/neo4j/data/transactions/system/checkpoint.0] at version=0
2026-05-02 17:37:46.446+0000 INFO  [o.n.k.a.DatabaseAvailabilityGuard] [system/00000000] Fulfilling of requirement 'Database unavailable' makes database system available.
2026-05-02 17:37:46.447+0000 INFO  [o.n.k.a.DatabaseAvailabilityGuard] [system/00000000] DatabaseId{00000000[system]} is ready.
2026-05-02 17:37:46.448+0000 INFO  [o.n.m.DatabaseHealth] [system/00000000] Database health set to OK
2026-05-02 17:37:46.800+0000 INFO  [o.n.k.i.a.i.IndexPopulationJob] [system/00000000] Index population started: [Index( id=1, name='index_343aff4e', type='TOKEN LOOKUP', schema=(:<any-labels>), indexProvider='token-lookup-1.0' )]
2026-05-02 17:37:46.852+0000 INFO  [o.n.k.i.a.i.IndexPopulationJob] [system/00000000] Completed node store scan. Flushing all pending updates.
MultipleIndexPopulator{activeTasks=0, batchedUpdatesFromScan = [org.neo4j.kernel.impl.api.index.MultipleIndexPopulator$IndexPopulation@1939a394], concurrentUpdateQueue = 0}
2026-05-02 17:37:46.863+0000 INFO  [o.n.k.i.a.i.IndexPopulationJob] [system/00000000] Index creation finished for index [Index( id=1, name='index_343aff4e', type='TOKEN LOOKUP', schema=(:<any-labels>), indexProvider='token-lookup-1.0' )].
2026-05-02 17:37:46.896+0000 INFO  [o.n.k.i.a.i.IndexPopulationJob] [system/00000000] TIME/PHASE Final: SCAN[totalTime=0ns], FLIP[totalTime=42ms]
2026-05-02 17:37:46.897+0000 INFO  [o.n.k.i.a.i.IndexPopulationJob] [system/00000000] Index population started: [Index( id=2, name='index_f7700477', type='TOKEN LOOKUP', schema=-[:<any-types>]-, indexProvider='token-lookup-1.0' )]
2026-05-02 17:37:46.921+0000 INFO  [o.n.k.i.a.i.IndexPopulationJob] [system/00000000] Completed relationship store scan. Flushing all pending updates.
MultipleIndexPopulator{activeTasks=0, batchedUpdatesFromScan = [org.neo4j.kernel.impl.api.index.MultipleIndexPopulator$IndexPopulation@3e998033], concurrentUpdateQueue = 0}
2026-05-02 17:37:46.930+0000 INFO  [o.n.k.i.a.i.IndexPopulationJob] [system/00000000] Index creation finished for index [Index( id=2, name='index_f7700477', type='TOKEN LOOKUP', schema=-[:<any-types>]-, indexProvider='token-lookup-1.0' )].
2026-05-02 17:37:46.960+0000 INFO  [o.n.k.i.a.i.IndexPopulationJob] [system/00000000] TIME/PHASE Final: SCAN[totalTime=0ns], FLIP[totalTime=38ms]
2026-05-02 17:37:46.988+0000 INFO  [o.n.k.i.a.s.ConstraintIndexCreator] [system/00000000] Starting constraint creation: Constraint( name='constraint_375161cd', type='UNIQUENESS', schema=(:DatabaseName {name}) ).
2026-05-02 17:37:47.023+0000 INFO  [o.n.k.i.a.i.IndexPopulationJob] [system/00000000] Index population started: [Index( id=3, name='constraint_375161cd', type='UNIQUE BTREE', schema=(:DatabaseName {name}), indexProvider='native-btree-1.0' )]
2026-05-02 17:37:47.092+0000 INFO  [o.n.k.i.a.i.IndexPopulationJob] [system/00000000] Completed node store scan. Flushing all pending updates.
MultipleIndexPopulator{activeTasks=0, batchedUpdatesFromScan = [org.neo4j.kernel.impl.api.index.MultipleIndexPopulator$IndexPopulation@74eab077], concurrentUpdateQueue = 0}
2026-05-02 17:37:47.114+0000 INFO  [o.n.k.i.a.i.IndexPopulationJob] [system/00000000] Index creation finished for index [Index( id=3, name='constraint_375161cd', type='UNIQUE BTREE', schema=(:DatabaseName {name}), indexProvider='native-btree-1.0' )].
2026-05-02 17:37:47.146+0000 INFO  [o.n.k.i.a.i.IndexPopulationJob] [system/00000000] TIME/PHASE Final: SCAN[totalTime=0ns], MERGE[totalTime=0ns], BUILD[totalTime=1ms], APPLY_EXTERNAL[totalTime=9ms], FLIP[totalTime=43ms]
2026-05-02 17:37:47.147+0000 INFO  [o.n.k.i.a.s.ConstraintIndexCreator] [system/00000000] Constraint Constraint( name='constraint_375161cd', type='UNIQUENESS', schema=(:DatabaseName {name}) ) populated, starting verification.
2026-05-02 17:37:47.148+0000 INFO  [o.n.k.i.a.s.ConstraintIndexCreator] [system/00000000] Constraint Constraint( name='constraint_375161cd', type='UNIQUENESS', schema=(:DatabaseName {name}) ) verified.
2026-05-02 17:37:47.154+0000 INFO  [o.n.k.i.a.s.ConstraintIndexCreator] [system/00000000] Starting constraint creation: Constraint( name='constraint_42eb0b7c', type='UNIQUENESS', schema=(:Database {name}) ).
2026-05-02 17:37:47.160+0000 INFO  [o.n.k.i.a.i.IndexPopulationJob] [system/00000000] Index population started: [Index( id=4, name='constraint_42eb0b7c', type='UNIQUE BTREE', schema=(:Database {name}), indexProvider='native-btree-1.0' )]
2026-05-02 17:37:47.187+0000 INFO  [o.n.k.i.a.i.IndexPopulationJob] [system/00000000] Completed node store scan. Flushing all pending updates.
MultipleIndexPopulator{activeTasks=0, batchedUpdatesFromScan = [org.neo4j.kernel.impl.api.index.MultipleIndexPopulator$IndexPopulation@6dd2e453], concurrentUpdateQueue = 0}
2026-05-02 17:37:47.201+0000 INFO  [o.n.k.i.a.i.IndexPopulationJob] [system/00000000] Index creation finished for index [Index( id=4, name='constraint_42eb0b7c', type='UNIQUE BTREE', schema=(:Database {name}), indexProvider='native-btree-1.0' )].
2026-05-02 17:37:47.219+0000 INFO  [o.n.k.i.a.i.IndexPopulationJob] [system/00000000] TIME/PHASE Final: SCAN[totalTime=0ns], MERGE[totalTime=0ns], BUILD[totalTime=0ns], APPLY_EXTERNAL[totalTime=6ms], FLIP[totalTime=25ms]
2026-05-02 17:37:47.227+0000 INFO  [o.n.k.i.a.s.ConstraintIndexCreator] [system/00000000] Constraint Constraint( name='constraint_42eb0b7c', type='UNIQUENESS', schema=(:Database {name}) ) populated, starting verification.
2026-05-02 17:37:47.228+0000 INFO  [o.n.k.i.a.s.ConstraintIndexCreator] [system/00000000] Constraint Constraint( name='constraint_42eb0b7c', type='UNIQUENESS', schema=(:Database {name}) ) verified.
2026-05-02 17:37:47.246+0000 INFO  [o.n.k.i.a.i.IndexingService] [system/00000000] Constraint Index( id=3, name='constraint_375161cd', type='UNIQUE BTREE', schema=(:Label[0] {PropertyKey[10]}), indexProvider='native-btree-1.0' ) is ONLINE.
2026-05-02 17:37:47.247+0000 INFO  [o.n.k.i.a.i.IndexingService] [system/00000000] Constraint Index( id=4, name='constraint_42eb0b7c', type='UNIQUE BTREE', schema=(:Label[1] {PropertyKey[10]}), indexProvider='native-btree-1.0' ) is ONLINE.
2026-05-02 17:37:47.419+0000 INFO  [o.n.k.i.a.s.ConstraintIndexCreator] [system/00000000] Starting constraint creation: Constraint( name='constraint_e31771aa', type='UNIQUENESS', schema=(:User {name}) ).
2026-05-02 17:37:47.425+0000 INFO  [o.n.k.i.a.i.IndexPopulationJob] [system/00000000] Index population started: [Index( id=7, name='constraint_e31771aa', type='UNIQUE BTREE', schema=(:User {name}), indexProvider='native-btree-1.0' )]
2026-05-02 17:37:47.462+0000 INFO  [o.n.k.i.a.i.IndexPopulationJob] [system/00000000] Completed node store scan. Flushing all pending updates.
MultipleIndexPopulator{activeTasks=0, batchedUpdatesFromScan = [org.neo4j.kernel.impl.api.index.MultipleIndexPopulator$IndexPopulation@3f99580f], concurrentUpdateQueue = 0}
2026-05-02 17:37:47.478+0000 INFO  [o.n.k.i.a.i.IndexPopulationJob] [system/00000000] Index creation finished for index [Index( id=7, name='constraint_e31771aa', type='UNIQUE BTREE', schema=(:User {name}), indexProvider='native-btree-1.0' )].
2026-05-02 17:37:47.504+0000 INFO  [o.n.k.i.a.i.IndexPopulationJob] [system/00000000] TIME/PHASE Final: SCAN[totalTime=0ns], MERGE[totalTime=0ns], BUILD[totalTime=0ns], APPLY_EXTERNAL[totalTime=7ms], FLIP[totalTime=34ms]
2026-05-02 17:37:47.506+0000 INFO  [o.n.k.i.a.s.ConstraintIndexCreator] [system/00000000] Constraint Constraint( name='constraint_e31771aa', type='UNIQUENESS', schema=(:User {name}) ) populated, starting verification.
2026-05-02 17:37:47.506+0000 INFO  [o.n.k.i.a.s.ConstraintIndexCreator] [system/00000000] Constraint Constraint( name='constraint_e31771aa', type='UNIQUENESS', schema=(:User {name}) ) verified.
2026-05-02 17:37:47.510+0000 INFO  [o.n.k.i.a.i.IndexingService] [system/00000000] Constraint Index( id=7, name='constraint_e31771aa', type='UNIQUE BTREE', schema=(:Label[3] {PropertyKey[10]}), indexProvider='native-btree-1.0' ) is ONLINE.
2026-05-02 17:37:47.515+0000 INFO  [o.n.s.s.s.UserSecurityGraphComponent] Initializing system graph model for component 'security-users' with version -1 and status UNINITIALIZED
2026-05-02 17:37:47.530+0000 INFO  [o.n.s.s.s.UserSecurityGraphComponent] Setting up initial user from `auth.ini` file: neo4j
2026-05-02 17:37:47.531+0000 INFO  [o.n.s.s.s.UserSecurityGraphComponent] Creating new user 'neo4j' (passwordChangeRequired=false, suspended=false)
2026-05-02 17:37:47.548+0000 INFO  [o.n.s.s.s.UserSecurityGraphComponent] Setting version for 'security-users' to 3
2026-05-02 17:37:47.551+0000 INFO  [o.n.s.s.s.UserSecurityGraphComponent] After initialization of system graph model component 'security-users' have version 3 and status CURRENT
2026-05-02 17:37:47.558+0000 INFO  [o.n.s.s.s.UserSecurityGraphComponent] Performing postInitialization step for component 'security-users' with version 3 and status CURRENT
2026-05-02 17:37:47.565+0000 INFO  [o.n.d.d.DefaultDatabaseManager] Creating 'DatabaseId{ade1e8a6[neo4j]}'.
2026-05-02 17:37:47.573+0000 INFO  [o.n.d.d.DefaultDatabaseManager] Starting 'DatabaseId{ade1e8a6[neo4j]}'.
2026-05-02 17:37:47.576+0000 INFO  [o.n.k.i.s.f.RecordFormatSelector] [neo4j/ade1e8a6] Selected format 'RecordFormat:PageAlignedV4_3[AF4.3.0]' for the new store /var/lib/neo4j/data/databases/neo4j
2026-05-02 17:37:48.017+0000 INFO  [o.n.i.d.DiagnosticsManager] [neo4j/ade1e8a6] 
                                                                [neo4j/ade1e8a6] ********************************************************************************
                                                                [neo4j/ade1e8a6]                               [ Database: neo4j ]                               
                                                                [neo4j/ade1e8a6] ********************************************************************************
                                                                [neo4j/ade1e8a6] --------------------------------------------------------------------------------
                                                                [neo4j/ade1e8a6]                                   [ Version ]                                   
                                                                [neo4j/ade1e8a6] --------------------------------------------------------------------------------
                                                                [neo4j/ade1e8a6] DBMS: community single StoreId{creationTime=1777743467931, randomId=-3825693887355433094, storeVersion=3471768636287762695, upgradeTime=1777743467931, upgradeTxId=1}
                                                                [neo4j/ade1e8a6] Kernel version: 4.4.15
                                                                [neo4j/ade1e8a6] 
                                                                [neo4j/ade1e8a6] --------------------------------------------------------------------------------
                                                                [neo4j/ade1e8a6]                                 [ Store files ]                                 
                                                                [neo4j/ade1e8a6] --------------------------------------------------------------------------------
                                                                [neo4j/ade1e8a6] Disk space on partition (Total / Free / Free %): 964376391680 / 493604655104 / 51
                                                                [neo4j/ade1e8a6] Storage files stored on file store: 9p
                                                                [neo4j/ade1e8a6] Storage files: (filename : modification date - size)
                                                                [neo4j/ade1e8a6]   neostore: 2026-05-02T17:37:47Z - 8.000KiB
                                                                [neo4j/ade1e8a6]   neostore.counts.db: 2026-05-02T17:37:47Z - 40.00KiB
                                                                [neo4j/ade1e8a6]   neostore.labeltokenstore.db: 2026-05-02T17:37:47Z - 0B
                                                                [neo4j/ade1e8a6]   neostore.labeltokenstore.db.id: 2026-05-02T17:37:47Z - 40.00KiB
                                                                [neo4j/ade1e8a6]   neostore.labeltokenstore.db.names: 2026-05-02T17:37:47Z - 8.000KiB
                                                                [neo4j/ade1e8a6]   neostore.labeltokenstore.db.names.id: 2026-05-02T17:37:47Z - 40.00KiB
                                                                [neo4j/ade1e8a6]   neostore.nodestore.db: 2026-05-02T17:37:47Z - 0B
                                                                [neo4j/ade1e8a6]   neostore.nodestore.db.id: 2026-05-02T17:37:47Z - 40.00KiB
                                                                [neo4j/ade1e8a6]   neostore.nodestore.db.labels: 2026-05-02T17:37:47Z - 8.000KiB
                                                                [neo4j/ade1e8a6]   neostore.nodestore.db.labels.id: 2026-05-02T17:37:47Z - 40.00KiB
                                                                [neo4j/ade1e8a6]   neostore.propertystore.db: 2026-05-02T17:37:47Z - 0B
                                                                [neo4j/ade1e8a6]   neostore.propertystore.db.arrays: 2026-05-02T17:37:47Z - 8.000KiB
                                                                [neo4j/ade1e8a6]   neostore.propertystore.db.arrays.id: 2026-05-02T17:37:47Z - 40.00KiB
                                                                [neo4j/ade1e8a6]   neostore.propertystore.db.id: 2026-05-02T17:37:47Z - 40.00KiB
                                                                [neo4j/ade1e8a6]   neostore.propertystore.db.index: 2026-05-02T17:37:47Z - 0B
                                                                [neo4j/ade1e8a6]   neostore.propertystore.db.index.id: 2026-05-02T17:37:47Z - 40.00KiB
                                                                [neo4j/ade1e8a6]   neostore.propertystore.db.index.keys: 2026-05-02T17:37:47Z - 8.000KiB
                                                                [neo4j/ade1e8a6]   neostore.propertystore.db.index.keys.id: 2026-05-02T17:37:47Z - 40.00KiB
                                                                [neo4j/ade1e8a6]   neostore.propertystore.db.strings: 2026-05-02T17:37:47Z - 8.000KiB
                                                                [neo4j/ade1e8a6]   neostore.propertystore.db.strings.id: 2026-05-02T17:37:47Z - 40.00KiB
                                                                [neo4j/ade1e8a6]   neostore.relationshipgroupstore.db: 2026-05-02T17:37:47Z - 8.000KiB
                                                                [neo4j/ade1e8a6]   neostore.relationshipgroupstore.db.id: 2026-05-02T17:37:47Z - 40.00KiB
                                                                [neo4j/ade1e8a6]   neostore.relationshipgroupstore.degrees.db: 2026-05-02T17:37:47Z - 40.00KiB
                                                                [neo4j/ade1e8a6]   neostore.relationshipstore.db: 2026-05-02T17:37:47Z - 0B
                                                                [neo4j/ade1e8a6]   neostore.relationshipstore.db.id: 2026-05-02T17:37:47Z - 40.00KiB
                                                                [neo4j/ade1e8a6]   neostore.relationshiptypestore.db: 2026-05-02T17:37:47Z - 0B
                                                                [neo4j/ade1e8a6]   neostore.relationshiptypestore.db.id: 2026-05-02T17:37:47Z - 40.00KiB
                                                                [neo4j/ade1e8a6]   neostore.relationshiptypestore.db.names: 2026-05-02T17:37:47Z - 8.000KiB
                                                                [neo4j/ade1e8a6]   neostore.relationshiptypestore.db.names.id: 2026-05-02T17:37:47Z - 40.00KiB
                                                                [neo4j/ade1e8a6]   neostore.schemastore.db: 2026-05-02T17:37:47Z - 8.000KiB
                                                                [neo4j/ade1e8a6]   neostore.schemastore.db.id: 2026-05-02T17:37:47Z - 40.00KiB
                                                                [neo4j/ade1e8a6] Storage summary: 
                                                                [neo4j/ade1e8a6]   Total size of store: 712.0KiB
                                                                [neo4j/ade1e8a6]   Total size of mapped files: 72.00KiB
                                                                [neo4j/ade1e8a6] 
                                                                [neo4j/ade1e8a6] --------------------------------------------------------------------------------
                                                                [neo4j/ade1e8a6]                               [ Transaction log ]                               
                                                                [neo4j/ade1e8a6] --------------------------------------------------------------------------------
                                                                [neo4j/ade1e8a6] Transaction log files stored on file store: 9p
                                                                [neo4j/ade1e8a6] Transaction log files:
                                                                [neo4j/ade1e8a6]  - existing transaction log versions -1--1
                                                                [neo4j/ade1e8a6]  - no transactions found
                                                                [neo4j/ade1e8a6] Checkpoint log files:
                                                                [neo4j/ade1e8a6]  - existing checkpoint log versions -1--1
                                                                [neo4j/ade1e8a6]  - no checkpoints found
                                                                [neo4j/ade1e8a6] 
                                                                [neo4j/ade1e8a6] --------------------------------------------------------------------------------
                                                                [neo4j/ade1e8a6]                                   [ Id usage ]                                  
                                                                [neo4j/ade1e8a6] --------------------------------------------------------------------------------
                                                                [neo4j/ade1e8a6] ArrayPropertyStore[neostore.nodestore.db.labels]: used=1 high=0
                                                                [neo4j/ade1e8a6] NodeStore[neostore.nodestore.db]: used=0 high=-1
                                                                [neo4j/ade1e8a6] StringPropertyStore[neostore.propertystore.db.index.keys]: used=1 high=0
                                                                [neo4j/ade1e8a6] PropertyIndexStore[neostore.propertystore.db.index]: used=0 high=-1
                                                                [neo4j/ade1e8a6] StringPropertyStore[neostore.propertystore.db.strings]: used=1 high=0
                                                                [neo4j/ade1e8a6] ArrayPropertyStore[neostore.propertystore.db.arrays]: used=1 high=0
                                                                [neo4j/ade1e8a6] PropertyStore[neostore.propertystore.db]: used=0 high=-1
                                                                [neo4j/ade1e8a6] RelationshipStore[neostore.relationshipstore.db]: used=0 high=-1
                                                                [neo4j/ade1e8a6] StringPropertyStore[neostore.relationshiptypestore.db.names]: used=1 high=0
                                                                [neo4j/ade1e8a6] RelationshipTypeStore[neostore.relationshiptypestore.db]: used=0 high=-1
                                                                [neo4j/ade1e8a6] StringPropertyStore[neostore.labeltokenstore.db.names]: used=1 high=0
                                                                [neo4j/ade1e8a6] LabelTokenStore[neostore.labeltokenstore.db]: used=0 high=-1
                                                                [neo4j/ade1e8a6] SchemaStore[neostore.schemastore.db]: used=1 high=0
                                                                [neo4j/ade1e8a6] RelationshipGroupStore[neostore.relationshipgroupstore.db]: used=1 high=0
                                                                [neo4j/ade1e8a6] NeoStore[neostore]: used=-1 high=-1
                                                                [neo4j/ade1e8a6] 
                                                                [neo4j/ade1e8a6] --------------------------------------------------------------------------------
                                                                [neo4j/ade1e8a6]                               [ Neostore records ]                              
                                                                [neo4j/ade1e8a6] --------------------------------------------------------------------------------
                                                                [neo4j/ade1e8a6] TIME (Creation time): 1777743467931
                                                                [neo4j/ade1e8a6] RANDOM_NUMBER (Random number for store id): -3825693887355433094
                                                                [neo4j/ade1e8a6] LOG_VERSION (Current log version): 0
                                                                [neo4j/ade1e8a6] LAST_TRANSACTION_ID (Last committed transaction): 1
                                                                [neo4j/ade1e8a6] STORE_VERSION (Store format version): 3471768636287762695 (AF4.3.0)
                                                                [neo4j/ade1e8a6] FIRST_GRAPH_PROPERTY (First property record containing graph properties): -1
                                                                [neo4j/ade1e8a6] LAST_CONSTRAINT_TRANSACTION (Last committed transaction containing constraint changes): 0
                                                                [neo4j/ade1e8a6] UPGRADE_TRANSACTION_ID (Transaction id most recent upgrade was performed at): 1
                                                                [neo4j/ade1e8a6] UPGRADE_TIME (Time of last upgrade): 1777743467931
                                                                [neo4j/ade1e8a6] LAST_TRANSACTION_CHECKSUM (Checksum of last committed transaction): -559063315
                                                                [neo4j/ade1e8a6] UPGRADE_TRANSACTION_CHECKSUM (Checksum of transaction id the most recent upgrade was performed at): -559063315
                                                                [neo4j/ade1e8a6] LAST_CLOSED_TRANSACTION_LOG_VERSION (Log version where the last transaction commit entry has been written into): 0
                                                                [neo4j/ade1e8a6] LAST_CLOSED_TRANSACTION_LOG_BYTE_OFFSET (Byte offset in the log file where the last transaction commit entry has been written into): 64
                                                                [neo4j/ade1e8a6] LAST_TRANSACTION_COMMIT_TIMESTAMP (Commit time timestamp for last committed transaction): 0
                                                                [neo4j/ade1e8a6] UPGRADE_TRANSACTION_COMMIT_TIMESTAMP (Commit timestamp of transaction the most recent upgrade was performed at): 0
                                                                [neo4j/ade1e8a6] LAST_MISSING_STORE_FILES_RECOVERY_TIMESTAMP (Timestamp of last attempt to perform a recovery on the store with missing files.): -1
                                                                [neo4j/ade1e8a6] EXTERNAL_STORE_UUID_MOST_SIGN_BITS (Database identifier exposed as external store identity. Generated on creation and never updated. Most significant bits.): -214236059980903513
                                                                [neo4j/ade1e8a6] EXTERNAL_STORE_UUID_LEAST_SIGN_BITS (Database identifier exposed as external store identity. Generated on creation and never updated. Least significant bits): -6638662233232683261
                                                                [neo4j/ade1e8a6] CHECKPOINT_LOG_VERSION (Current checkpoint log version): 0
                                                                [neo4j/ade1e8a6] KERNEL_VERSION (The kernel version (also transaction log version) that is currently being used when writing new transactions): 4
                                                                [neo4j/ade1e8a6] DATABASE_ID_MOST_SIGN_BITS (The last used DatabaseId for this database. Most significant bits): -9223372036854775808
                                                                [neo4j/ade1e8a6] DATABASE_ID_LEAST_SIGN_BITS (The last used DatabaseId for this database. Least significant bits): -9223372036854775808
                                                                [neo4j/ade1e8a6] 
                                                                [neo4j/ade1e8a6] --------------------------------------------------------------------------------
                                                                [neo4j/ade1e8a6]                                [ Store versions ]                               
                                                                [neo4j/ade1e8a6] --------------------------------------------------------------------------------
                                                                [neo4j/ade1e8a6] ArrayPropertyStore[neostore.nodestore.db.labels] AF4.3.0
                                                                [neo4j/ade1e8a6] NodeStore[neostore.nodestore.db] AF4.3.0
                                                                [neo4j/ade1e8a6] StringPropertyStore[neostore.propertystore.db.index.keys] AF4.3.0
                                                                [neo4j/ade1e8a6] PropertyIndexStore[neostore.propertystore.db.index] AF4.3.0
                                                                [neo4j/ade1e8a6] StringPropertyStore[neostore.propertystore.db.strings] AF4.3.0
                                                                [neo4j/ade1e8a6] ArrayPropertyStore[neostore.propertystore.db.arrays] AF4.3.0
                                                                [neo4j/ade1e8a6] PropertyStore[neostore.propertystore.db] AF4.3.0
                                                                [neo4j/ade1e8a6] RelationshipStore[neostore.relationshipstore.db] AF4.3.0
                                                                [neo4j/ade1e8a6] StringPropertyStore[neostore.relationshiptypestore.db.names] AF4.3.0
                                                                [neo4j/ade1e8a6] RelationshipTypeStore[neostore.relationshiptypestore.db] AF4.3.0
                                                                [neo4j/ade1e8a6] StringPropertyStore[neostore.labeltokenstore.db.names] AF4.3.0
                                                                [neo4j/ade1e8a6] LabelTokenStore[neostore.labeltokenstore.db] AF4.3.0
                                                                [neo4j/ade1e8a6] SchemaStore[neostore.schemastore.db] AF4.3.0
                                                                [neo4j/ade1e8a6] RelationshipGroupStore[neostore.relationshipgroupstore.db] AF4.3.0
                                                                [neo4j/ade1e8a6] NeoStore[neostore] AF4.3.0
                                                                [neo4j/ade1e8a6] 
2026-05-02 17:37:48.028+0000 INFO  [o.n.k.a.DatabaseAvailabilityGuard] [neo4j/ade1e8a6] Requirement `Database unavailable` makes database neo4j unavailable.
2026-05-02 17:37:48.029+0000 INFO  [o.n.k.a.DatabaseAvailabilityGuard] [neo4j/ade1e8a6] DatabaseId{ade1e8a6[neo4j]} is unavailable.
2026-05-02 17:37:48.109+0000 WARN  [o.n.k.i.s.MetaDataStore] [neo4j/ade1e8a6] Missing counts store, rebuilding it.
2026-05-02 17:37:48.110+0000 WARN  [o.n.k.i.s.MetaDataStore] [neo4j/ade1e8a6] Counts store rebuild completed.
2026-05-02 17:37:48.110+0000 WARN  [o.n.i.c.DegreesRebuildFromStore] [neo4j/ade1e8a6] Missing relationship degrees store, rebuilding it.
2026-05-02 17:37:48.133+0000 WARN  [o.n.i.c.DegreesRebuildFromStore] [neo4j/ade1e8a6] Relationship degrees store rebuild completed.
2026-05-02 17:38:05.307+0000 INFO  [o.n.k.d.Database] [neo4j/ade1e8a6] Starting transaction log [/var/lib/neo4j/data/transactions/neo4j/neostore.transaction.db.0] at version=0
2026-05-02 17:38:05.313+0000 INFO  [o.n.k.d.Database] [neo4j/ade1e8a6] Starting transaction log [/var/lib/neo4j/data/transactions/neo4j/checkpoint.0] at version=0
2026-05-02 17:38:05.314+0000 INFO  [o.n.k.a.DatabaseAvailabilityGuard] [neo4j/ade1e8a6] Fulfilling of requirement 'Database unavailable' makes database neo4j available.
2026-05-02 17:38:05.314+0000 INFO  [o.n.k.a.DatabaseAvailabilityGuard] [neo4j/ade1e8a6] DatabaseId{ade1e8a6[neo4j]} is ready.
2026-05-02 17:38:05.314+0000 INFO  [o.n.m.DatabaseHealth] [neo4j/ade1e8a6] Database health set to OK
2026-05-02 17:38:05.473+0000 INFO  [o.n.k.i.a.i.IndexPopulationJob] [neo4j/ade1e8a6] Index population started: [Index( id=1, name='index_343aff4e', type='TOKEN LOOKUP', schema=(:<any-labels>), indexProvider='token-lookup-1.0' )]
2026-05-02 17:38:05.506+0000 INFO  [o.n.k.i.a.i.IndexPopulationJob] [neo4j/ade1e8a6] Completed node store scan. Flushing all pending updates.
MultipleIndexPopulator{activeTasks=0, batchedUpdatesFromScan = [org.neo4j.kernel.impl.api.index.MultipleIndexPopulator$IndexPopulation@665b441e], concurrentUpdateQueue = 0}
2026-05-02 17:38:05.517+0000 INFO  [o.n.k.i.a.i.IndexPopulationJob] [neo4j/ade1e8a6] Index creation finished for index [Index( id=1, name='index_343aff4e', type='TOKEN LOOKUP', schema=(:<any-labels>), indexProvider='token-lookup-1.0' )].
2026-05-02 17:38:05.552+0000 INFO  [o.n.k.i.a.i.IndexPopulationJob] [neo4j/ade1e8a6] TIME/PHASE Final: SCAN[totalTime=0ns], FLIP[totalTime=44ms]
2026-05-02 17:38:05.552+0000 INFO  [o.n.k.i.a.i.IndexPopulationJob] [neo4j/ade1e8a6] Index population started: [Index( id=2, name='index_f7700477', type='TOKEN LOOKUP', schema=-[:<any-types>]-, indexProvider='token-lookup-1.0' )]
2026-05-02 17:38:05.587+0000 INFO  [o.n.k.i.a.i.IndexPopulationJob] [neo4j/ade1e8a6] Completed relationship store scan. Flushing all pending updates.
MultipleIndexPopulator{activeTasks=0, batchedUpdatesFromScan = [org.neo4j.kernel.impl.api.index.MultipleIndexPopulator$IndexPopulation@239d73ff], concurrentUpdateQueue = 0}
2026-05-02 17:38:05.597+0000 INFO  [o.n.k.i.a.i.IndexPopulationJob] [neo4j/ade1e8a6] Index creation finished for index [Index( id=2, name='index_f7700477', type='TOKEN LOOKUP', schema=-[:<any-types>]-, indexProvider='token-lookup-1.0' )].
2026-05-02 17:38:05.628+0000 INFO  [o.n.k.i.a.i.IndexPopulationJob] [neo4j/ade1e8a6] TIME/PHASE Final: SCAN[totalTime=0ns], FLIP[totalTime=40ms]
2026-05-02 17:38:05.664+0000 INFO  [o.n.b.BoltServer] Bolt enabled on [0:0:0:0:0:0:0:0%0]:7687.
2026-05-02 17:38:05.666+0000 INFO  [o.n.s.AbstractNeoWebServer$ServerComponentsLifecycleAdapter] Starting web server
2026-05-02 17:38:06.368+0000 INFO  [o.n.s.CommunityNeoWebServer] Remote interface available at http://localhost:7474/
2026-05-02 17:38:06.368+0000 INFO  [o.n.s.AbstractNeoWebServer$ServerComponentsLifecycleAdapter] Web server started.
2026-05-02 17:38:06.372+0000 INFO  [o.n.g.f.DatabaseManagementServiceFactory] id: 7E2C1E94D52E7B0085E029C78234D4CA8D06F153D0F88375B28938247EFB5062
2026-05-02 17:38:06.373+0000 INFO  [o.n.g.f.DatabaseManagementServiceFactory] name: system
2026-05-02 17:38:06.373+0000 INFO  [o.n.g.f.DatabaseManagementServiceFactory] creationDate: 2026-05-02T17:37:28.625Z
2026-05-02 17:38:08.485+0000 ERROR [o.n.b.t.p.ProtocolHandshaker] Fatal error occurred during protocol handshaking: [id: 0xb1e0086b, L:/172.24.0.10:7687 - R:/172.24.0.1:41352]
java.lang.NullPointerException: null
	at io.netty.buffer.Unpooled.copiedBuffer(Unpooled.java:363) ~[netty-buffer-4.1.77.Final.jar:4.1.77.Final]
	at org.neo4j.bolt.transport.DiscoveryResponseHandler.channelRead(DiscoveryResponseHandler.java:60) ~[neo4j-bolt-4.4.15.jar:4.4.15]
	at io.netty.channel.AbstractChannelHandlerContext.invokeChannelRead(AbstractChannelHandlerContext.java:379) [netty-transport-4.1.77.Final.jar:4.1.77.Final]
	at io.netty.channel.AbstractChannelHandlerContext.invokeChannelRead(AbstractChannelHandlerContext.java:365) [netty-transport-4.1.77.Final.jar:4.1.77.Final]
	at io.netty.channel.AbstractChannelHandlerContext.fireChannelRead(AbstractChannelHandlerContext.java:357) [netty-transport-4.1.77.Final.jar:4.1.77.Final]
	at io.netty.handler.codec.MessageToMessageDecoder.channelRead(MessageToMessageDecoder.java:103) [netty-codec-4.1.77.Final.jar:4.1.77.Final]
	at io.netty.channel.AbstractChannelHandlerContext.invokeChannelRead(AbstractChannelHandlerContext.java:379) [netty-transport-4.1.77.Final.jar:4.1.77.Final]
	at io.netty.channel.AbstractChannelHandlerContext.invokeChannelRead(AbstractChannelHandlerContext.java:365) [netty-transport-4.1.77.Final.jar:4.1.77.Final]
	at io.netty.channel.AbstractChannelHandlerContext.fireChannelRead(AbstractChannelHandlerContext.java:357) [netty-transport-4.1.77.Final.jar:4.1.77.Final]
	at io.netty.channel.CombinedChannelDuplexHandler$DelegatingChannelHandlerContext.fireChannelRead(CombinedChannelDuplexHandler.java:436) [netty-transport-4.1.77.Final.jar:4.1.77.Final]
	at io.netty.handler.codec.ByteToMessageDecoder.fireChannelRead(ByteToMessageDecoder.java:327) [netty-codec-4.1.77.Final.jar:4.1.77.Final]
	at io.netty.handler.codec.ByteToMessageDecoder.channelRead(ByteToMessageDecoder.java:299) [netty-codec-4.1.77.Final.jar:4.1.77.Final]
	at io.netty.channel.CombinedChannelDuplexHandler.channelRead(CombinedChannelDuplexHandler.java:251) [netty-transport-4.1.77.Final.jar:4.1.77.Final]
	at io.netty.channel.AbstractChannelHandlerContext.invokeChannelRead(AbstractChannelHandlerContext.java:379) [netty-transport-4.1.77.Final.jar:4.1.77.Final]
	at io.netty.channel.AbstractChannelHandlerContext.invokeChannelRead(AbstractChannelHandlerContext.java:365) [netty-transport-4.1.77.Final.jar:4.1.77.Final]
	at io.netty.channel.AbstractChannelHandlerContext.fireChannelRead(AbstractChannelHandlerContext.java:357) [netty-transport-4.1.77.Final.jar:4.1.77.Final]
	at io.netty.handler.codec.ByteToMessageDecoder.handlerRemoved(ByteToMessageDecoder.java:255) [netty-codec-4.1.77.Final.jar:4.1.77.Final]
	at io.netty.handler.codec.ByteToMessageDecoder.decodeRemovalReentryProtection(ByteToMessageDecoder.java:517) [netty-codec-4.1.77.Final.jar:4.1.77.Final]
	at io.netty.handler.codec.ByteToMessageDecoder.callDecode(ByteToMessageDecoder.java:449) [netty-codec-4.1.77.Final.jar:4.1.77.Final]
	at io.netty.handler.codec.ByteToMessageDecoder.channelRead(ByteToMessageDecoder.java:279) [netty-codec-4.1.77.Final.jar:4.1.77.Final]
	at io.netty.channel.AbstractChannelHandlerContext.invokeChannelRead(AbstractChannelHandlerContext.java:379) [netty-transport-4.1.77.Final.jar:4.1.77.Final]
	at io.netty.channel.AbstractChannelHandlerContext.invokeChannelRead(AbstractChannelHandlerContext.java:365) [netty-transport-4.1.77.Final.jar:4.1.77.Final]
	at io.netty.channel.AbstractChannelHandlerContext.fireChannelRead(AbstractChannelHandlerContext.java:357) [netty-transport-4.1.77.Final.jar:4.1.77.Final]
	at org.neo4j.bolt.transport.pipeline.AuthenticationTimeoutHandler.channelRead(AuthenticationTimeoutHandler.java:58) [neo4j-bolt-4.4.15.jar:4.4.15]
	at io.netty.channel.AbstractChannelHandlerContext.invokeChannelRead(AbstractChannelHandlerContext.java:379) [netty-transport-4.1.77.Final.jar:4.1.77.Final]
	at io.netty.channel.AbstractChannelHandlerContext.invokeChannelRead(AbstractChannelHandlerContext.java:365) [netty-transport-4.1.77.Final.jar:4.1.77.Final]
	at io.netty.channel.AbstractChannelHandlerContext.fireChannelRead(AbstractChannelHandlerContext.java:357) [netty-transport-4.1.77.Final.jar:4.1.77.Final]
	at io.netty.channel.DefaultChannelPipeline$HeadContext.channelRead(DefaultChannelPipeline.java:1410) [netty-transport-4.1.77.Final.jar:4.1.77.Final]
	at io.netty.channel.AbstractChannelHandlerContext.invokeChannelRead(AbstractChannelHandlerContext.java:379) [netty-transport-4.1.77.Final.jar:4.1.77.Final]
	at io.netty.channel.AbstractChannelHandlerContext.invokeChannelRead(AbstractChannelHandlerContext.java:365) [netty-transport-4.1.77.Final.jar:4.1.77.Final]
	at io.netty.channel.DefaultChannelPipeline.fireChannelRead(DefaultChannelPipeline.java:919) [netty-transport-4.1.77.Final.jar:4.1.77.Final]
	at io.netty.channel.epoll.AbstractEpollStreamChannel$EpollStreamUnsafe.epollInReady(AbstractEpollStreamChannel.java:800) [netty-transport-classes-epoll-4.1.77.Final.jar:4.1.77.Final]
	at io.netty.channel.epoll.EpollEventLoop.processReady(EpollEventLoop.java:487) [netty-transport-classes-epoll-4.1.77.Final.jar:4.1.77.Final]
	at io.netty.channel.epoll.EpollEventLoop.run(EpollEventLoop.java:385) [netty-transport-classes-epoll-4.1.77.Final.jar:4.1.77.Final]
	at io.netty.util.concurrent.SingleThreadEventExecutor$4.run(SingleThreadEventExecutor.java:995) [netty-common-4.1.77.Final.jar:4.1.77.Final]
	at io.netty.util.internal.ThreadExecutorMap$2.run(ThreadExecutorMap.java:74) [netty-common-4.1.77.Final.jar:4.1.77.Final]
	at io.netty.util.concurrent.FastThreadLocalRunnable.run(FastThreadLocalRunnable.java:30) [netty-common-4.1.77.Final.jar:4.1.77.Final]
	at java.lang.Thread.run(Thread.java:829) [?:?]
2026-05-02 17:38:10.034+0000 INFO  [o.n.k.i.a.s.ConstraintIndexCreator] [neo4j/ade1e8a6] Starting constraint creation: Constraint( name='article_id', type='UNIQUENESS', schema=(:Article {_id}) ).
2026-05-02 17:38:10.048+0000 INFO  [o.n.k.i.a.i.IndexPopulationJob] [neo4j/ade1e8a6] Index population started: [Index( id=3, name='article_id', type='UNIQUE BTREE', schema=(:Article {_id}), indexProvider='native-btree-1.0' )]
2026-05-02 17:38:10.097+0000 INFO  [o.n.k.i.a.i.IndexPopulationJob] [neo4j/ade1e8a6] Completed node store scan. Flushing all pending updates.
MultipleIndexPopulator{activeTasks=0, batchedUpdatesFromScan = [org.neo4j.kernel.impl.api.index.MultipleIndexPopulator$IndexPopulation@400a5261], concurrentUpdateQueue = 0}
2026-05-02 17:38:10.115+0000 INFO  [o.n.k.i.a.i.IndexPopulationJob] [neo4j/ade1e8a6] Index creation finished for index [Index( id=3, name='article_id', type='UNIQUE BTREE', schema=(:Article {_id}), indexProvider='native-btree-1.0' )].
2026-05-02 17:38:10.153+0000 INFO  [o.n.k.i.a.i.IndexPopulationJob] [neo4j/ade1e8a6] TIME/PHASE Final: SCAN[totalTime=0ns], MERGE[totalTime=0ns], BUILD[totalTime=1ms], APPLY_EXTERNAL[totalTime=6ms], FLIP[totalTime=49ms]
2026-05-02 17:38:10.167+0000 INFO  [o.n.k.i.a.s.ConstraintIndexCreator] [neo4j/ade1e8a6] Constraint Constraint( name='article_id', type='UNIQUENESS', schema=(:Article {_id}) ) populated, starting verification.
2026-05-02 17:38:10.168+0000 INFO  [o.n.k.i.a.s.ConstraintIndexCreator] [neo4j/ade1e8a6] Constraint Constraint( name='article_id', type='UNIQUENESS', schema=(:Article {_id}) ) verified.
2026-05-02 17:38:10.244+0000 INFO  [o.n.k.i.a.s.ConstraintIndexCreator] [neo4j/ade1e8a6] Starting constraint creation: Constraint( name='author_id', type='UNIQUENESS', schema=(:Author {_id}) ).
2026-05-02 17:38:10.252+0000 INFO  [o.n.k.i.a.i.IndexPopulationJob] [neo4j/ade1e8a6] Index population started: [Index( id=4, name='author_id', type='UNIQUE BTREE', schema=(:Author {_id}), indexProvider='native-btree-1.0' )]
2026-05-02 17:38:10.286+0000 INFO  [o.n.k.i.a.i.IndexPopulationJob] [neo4j/ade1e8a6] Completed node store scan. Flushing all pending updates.
MultipleIndexPopulator{activeTasks=0, batchedUpdatesFromScan = [org.neo4j.kernel.impl.api.index.MultipleIndexPopulator$IndexPopulation@5ef5ff06], concurrentUpdateQueue = 0}
2026-05-02 17:38:10.303+0000 INFO  [o.n.k.i.a.i.IndexPopulationJob] [neo4j/ade1e8a6] Index creation finished for index [Index( id=4, name='author_id', type='UNIQUE BTREE', schema=(:Author {_id}), indexProvider='native-btree-1.0' )].
2026-05-02 17:38:10.333+0000 INFO  [o.n.k.i.a.i.IndexPopulationJob] [neo4j/ade1e8a6] TIME/PHASE Final: SCAN[totalTime=0ns], MERGE[totalTime=0ns], BUILD[totalTime=0ns], APPLY_EXTERNAL[totalTime=6ms], FLIP[totalTime=38ms]
2026-05-02 17:38:10.334+0000 INFO  [o.n.k.i.a.s.ConstraintIndexCreator] [neo4j/ade1e8a6] Constraint Constraint( name='author_id', type='UNIQUENESS', schema=(:Author {_id}) ) populated, starting verification.
2026-05-02 17:38:10.336+0000 INFO  [o.n.k.i.a.s.ConstraintIndexCreator] [neo4j/ade1e8a6] Constraint Constraint( name='author_id', type='UNIQUENESS', schema=(:Author {_id}) ) verified.
2026-05-02 17:38:10.368+0000 INFO  [o.n.k.i.a.i.IndexingService] [neo4j/ade1e8a6] Constraint Index( id=3, name='article_id', type='UNIQUE BTREE', schema=(:Label[0] {PropertyKey[10]}), indexProvider='native-btree-1.0' ) is ONLINE.
2026-05-02 17:38:10.369+0000 INFO  [o.n.k.i.a.i.IndexingService] [neo4j/ade1e8a6] Constraint Index( id=4, name='author_id', type='UNIQUE BTREE', schema=(:Label[1] {PropertyKey[10]}), indexProvider='native-btree-1.0' ) is ONLINE.
2026-05-02 17:38:33.197+0000 INFO  [o.n.c.i.ExecutionEngine] [neo4j/ade1e8a6] Discarded stale query from the query cache after 19 seconds. Reason: CardinalityByLabelsAndRelationshipType(None,None,None) changed from 1.0 to 128329.0, which is a divergence of 0.9999922075290854 which is greater than threshold 0.7481894646606859. Query id: 64
2026-05-02 18:02:05.301+0000 INFO  [o.n.k.i.t.l.c.CheckPointerImpl] [neo4j/ade1e8a6] Checkpoint triggered by "Scheduled checkpoint for every 15 minutes threshold" @ txId: 26 checkpoint started...
2026-05-02 18:02:05.660+0000 INFO  [o.n.k.i.t.l.c.CheckPointerImpl] [neo4j/ade1e8a6] Checkpoint triggered by "Scheduled checkpoint for every 15 minutes threshold" @ txId: 26 checkpoint completed in 356ms
2026-05-02 18:02:05.665+0000 INFO  [o.n.k.i.t.l.p.LogPruningImpl] [neo4j/ade1e8a6] No log version pruned. The strategy used was '104857600 size'. 
2026-05-02 18:04:16.424+0000 INFO  [o.n.k.i.t.l.c.CheckPointerImpl] [system/00000000] Checkpoint triggered by "Scheduled checkpoint for every 15 minutes threshold" @ txId: 36 checkpoint started...
2026-05-02 18:04:16.576+0000 INFO  [o.n.k.i.t.l.c.CheckPointerImpl] [system/00000000] Checkpoint triggered by "Scheduled checkpoint for every 15 minutes threshold" @ txId: 36 checkpoint completed in 150ms
2026-05-02 18:04:16.576+0000 INFO  [o.n.k.i.t.l.p.LogPruningImpl] [system/00000000] No log version pruned. The strategy used was '104857600 size'. 
2026-05-03 13:37:02.923+0000 INFO  [o.n.g.f.DatabaseManagementServiceFactory] Shutdown started
2026-05-03 13:37:02.982+0000 INFO  [o.n.d.d.DefaultDatabaseManager] Stopping 'DatabaseId{ade1e8a6[neo4j]}'.
2026-05-03 13:37:02.984+0000 INFO  [o.n.k.a.DatabaseAvailabilityGuard] [neo4j/ade1e8a6] Requirement `Database unavailable` makes database neo4j unavailable.
2026-05-03 13:37:02.985+0000 INFO  [o.n.k.a.DatabaseAvailabilityGuard] [neo4j/ade1e8a6] DatabaseId{ade1e8a6[neo4j]} is unavailable.
2026-05-03 13:37:02.991+0000 INFO  [o.n.k.d.Database] [neo4j/ade1e8a6] Waiting for closing transactions.
2026-05-03 13:37:02.995+0000 INFO  [o.n.k.d.Database] [neo4j/ade1e8a6] All transactions are closed.
2026-05-03 13:37:02.996+0000 INFO  [o.n.k.i.t.l.c.CheckPointerImpl] [neo4j/ade1e8a6] Checkpoint triggered by "Database shutdown" @ txId: 26 checkpoint started...
2026-05-03 13:37:03.103+0000 INFO  [o.n.k.i.t.l.c.CheckPointerImpl] [neo4j/ade1e8a6] Checkpoint triggered by "Database shutdown" @ txId: 26 checkpoint completed in 106ms
2026-05-03 13:37:03.103+0000 INFO  [o.n.k.i.t.l.p.LogPruningImpl] [neo4j/ade1e8a6] No log version pruned. The strategy used was '104857600 size'. 
2026-05-03 13:37:03.268+0000 INFO  [o.n.d.d.DefaultDatabaseManager] Stopped 'DatabaseId{ade1e8a6[neo4j]}' successfully.
2026-05-03 13:37:03.268+0000 INFO  [o.n.d.d.DefaultDatabaseManager] Stopping 'DatabaseId{00000000[system]}'.
2026-05-03 13:37:03.269+0000 INFO  [o.n.k.a.DatabaseAvailabilityGuard] [system/00000000] Requirement `Database unavailable` makes database system unavailable.
2026-05-03 13:37:03.270+0000 INFO  [o.n.k.a.DatabaseAvailabilityGuard] [system/00000000] DatabaseId{00000000[system]} is unavailable.
2026-05-03 13:37:03.275+0000 INFO  [o.n.k.d.Database] [system/00000000] Waiting for closing transactions.
2026-05-03 13:37:03.275+0000 INFO  [o.n.k.d.Database] [system/00000000] All transactions are closed.
2026-05-03 13:37:03.276+0000 INFO  [o.n.k.i.t.l.c.CheckPointerImpl] [system/00000000] Checkpoint triggered by "Database shutdown" @ txId: 36 checkpoint started...
2026-05-03 13:37:03.398+0000 INFO  [o.n.k.i.t.l.c.CheckPointerImpl] [system/00000000] Checkpoint triggered by "Database shutdown" @ txId: 36 checkpoint completed in 121ms
2026-05-03 13:37:03.399+0000 INFO  [o.n.k.i.t.l.p.LogPruningImpl] [system/00000000] No log version pruned. The strategy used was '104857600 size'. 
2026-05-03 13:37:03.550+0000 INFO  [o.n.d.d.DefaultDatabaseManager] Stopped 'DatabaseId{00000000[system]}' successfully.
